<?xml version="1.0" encoding="UTF-8"?>
<project-private xmlns="http://www.netbeans.org/ns/project-private/1">
    <editor-bookmarks xmlns="http://www.netbeans.org/ns/editor-bookmarks/2" lastBookmarkId="0"/>
    <open-files xmlns="http://www.netbeans.org/ns/projectui-open-files/2">
        <group>
            <file>file:/D:/University/3%20Year%20I/JAVA%20Avancado/Final%20Project/SGE/src/view/dashboard.java</file>
            <file>file:/D:/University/3%20Year%20I/JAVA%20Avancado/Final%20Project/SGE/src/controllers/ClassConexao.java</file>
            <file>file:/D:/University/3%20Year%20I/JAVA%20Avancado/Final%20Project/SGE/src/controllers/produtoDao.java</file>
        </group>
    </open-files>
</project-private>
