<?xml version="1.0" encoding="utf-8"?>
<!--
- phpMyAdmin XML Dump
- version 5.2.0
- https://www.phpmyadmin.net
-
- Host: 127.0.0.1
- Tempo de geração: 14-Abr-2023 às 00:26
- Versão do servidor: 10.4.27-MariaDB
- versão do PHP: 8.2.0
-->

<pma_xml_export version="1.0" xmlns:pma="https://www.phpmyadmin.net/some_doc_url/">
    <!--
    - Structure schemas
    -->
    <pma:structure_schemas>
        <pma:database name="sge" collation="utf8mb4_general_ci" charset="utf8mb4">
            <pma:table name="funcionarios">
                CREATE TABLE `funcionarios` (
                  `id_func` int(11) NOT NULL AUTO_INCREMENT,
                  `nome` varchar(50) DEFAULT NULL,
                  `nascimento` varchar(20) NOT NULL,
                  `bilhete_id` varchar(20) NOT NULL,
                  `nuit` varchar(20) NOT NULL,
                  `nr_banco` varchar(20) NOT NULL,
                  `nome_banco` varchar(50) NOT NULL,
                  `senha` varchar(20) NOT NULL,
                  `telefone` varchar(20) NOT NULL,
                  `funcao` varchar(50) DEFAULT NULL,
                  PRIMARY KEY (`id_func`)
                ) ENGINE=InnoDB AUTO_INCREMENT=4 DEFAULT CHARSET=utf8mb4 COLLATE=utf8mb4_general_ci;
            </pma:table>
            <pma:table name="produto">
                CREATE TABLE `produto` (
                  `id_produto` int(11) NOT NULL AUTO_INCREMENT,
                  `preco` decimal(10,2) NOT NULL,
                  `comissao` int(11) NOT NULL,
                  `produto` varchar(50) NOT NULL,
                  `quantidade` int(11) DEFAULT NULL,
                  PRIMARY KEY (`id_produto`)
                ) ENGINE=InnoDB AUTO_INCREMENT=5 DEFAULT CHARSET=utf8mb4 COLLATE=utf8mb4_general_ci;
            </pma:table>
            <pma:table name="vendas">
                CREATE TABLE `vendas` (
                  `id_vendas` int(11) NOT NULL AUTO_INCREMENT,
                  `id_func` int(11) NOT NULL,
                  `preco_vendas` varchar(50) NOT NULL,
                  `nome_produto` varchar(50) NOT NULL,
                  `comissao` decimal(10,2) NOT NULL,
                  PRIMARY KEY (`id_vendas`)
                ) ENGINE=InnoDB AUTO_INCREMENT=2 DEFAULT CHARSET=utf8mb4 COLLATE=utf8mb4_general_ci;
            </pma:table>
        </pma:database>
    </pma:structure_schemas>

    <!--
    - Banco de dados: 'sge'
    -->
    <database name="sge">
        <!-- Tabela funcionarios -->
        <table name="funcionarios">
            <column name="id_func">1</column>
            <column name="nome">Santos Ussene</column>
            <column name="nascimento">08-03-2001</column>
            <column name="bilhete_id">456789123S</column>
            <column name="nuit">456789</column>
            <column name="nr_banco">123456789011</column>
            <column name="nome_banco">Millenium Bim</column>
            <column name="senha">1234</column>
            <column name="telefone">848484</column>
            <column name="funcao">NULL</column>
        </table>
        <table name="funcionarios">
            <column name="id_func">2</column>
            <column name="nome">yewrywu</column>
            <column name="nascimento">2003-09-09</column>
            <column name="bilhete_id">3245328794K</column>
            <column name="nuit">534534</column>
            <column name="nr_banco">4564654</column>
            <column name="nome_banco">34534634</column>
            <column name="senha">4321</column>
            <column name="telefone">878787</column>
            <column name="funcao">yuweur</column>
        </table>
        <table name="funcionarios">
            <column name="id_func">3</column>
            <column name="nome">teste1</column>
            <column name="nascimento">ry4trty</column>
            <column name="bilhete_id">e465365375</column>
            <column name="nuit">r3434</column>
            <column name="nr_banco">yr4r4ty</column>
            <column name="nome_banco">hferhghg</column>
            <column name="senha">1212</column>
            <column name="telefone">878787</column>
            <column name="funcao">e43ry43yt</column>
        </table>
        <!-- Tabela produto -->
        <table name="produto">
            <column name="id_produto">1</column>
            <column name="preco">50.00</column>
            <column name="comissao">6</column>
            <column name="produto">Bolacha</column>
            <column name="quantidade">NULL</column>
        </table>
        <table name="produto">
            <column name="id_produto">2</column>
            <column name="preco">30.00</column>
            <column name="comissao">0</column>
            <column name="produto">banaan</column>
            <column name="quantidade">20</column>
        </table>
        <table name="produto">
            <column name="id_produto">3</column>
            <column name="preco">12.00</column>
            <column name="comissao">10</column>
            <column name="produto">manga</column>
            <column name="quantidade">20</column>
        </table>
        <table name="produto">
            <column name="id_produto">4</column>
            <column name="preco">12.00</column>
            <column name="comissao">12</column>
            <column name="produto">BAN</column>
            <column name="quantidade">12</column>
        </table>
        <!-- Tabela vendas -->
        <table name="vendas">
            <column name="id_vendas">1</column>
            <column name="id_func">1</column>
            <column name="preco_vendas">50</column>
            <column name="nome_produto">Bolacha</column>
            <column name="comissao">5.50</column>
        </table>
    </database>
</pma_xml_export>